Customer ID,segment,retention_action
12355.0,1,OFFER_DISCOUNT
12361.0,2,OFFER_DISCOUNT
12362.0,1,OFFER_DISCOUNT
12366.0,1,OFFER_DISCOUNT
12368.0,1,OFFER_DISCOUNT
12370.0,1,OFFER_DISCOUNT
12373.0,1,OFFER_DISCOUNT
12378.0,1,OFFER_DISCOUNT
12382.0,1,OFFER_DISCOUNT
12391.0,2,OFFER_DISCOUNT
12392.0,1,OFFER_DISCOUNT
12396.0,1,OFFER_DISCOUNT
12403.0,1,OFFER_DISCOUNT
12404.0,1,OFFER_DISCOUNT
12410.0,2,OFFER_DISCOUNT
12414.0,2,OFFER_DISCOUNT
12416.0,1,OFFER_DISCOUNT
12426.0,1,OFFER_DISCOUNT
12439.0,1,OFFER_DISCOUNT
12440.0,2,OFFER_DISCOUNT
12443.0,1,OFFER_DISCOUNT
12451.0,2,OFFER_DISCOUNT
12459.0,1,OFFER_DISCOUNT
12460.0,2,OFFER_DISCOUNT
12466.0,1,OFFER_DISCOUNT
12469.0,1,OFFER_DISCOUNT
12470.0,1,OFFER_DISCOUNT
12484.0,2,OFFER_DISCOUNT
12485.0,1,OFFER_DISCOUNT
12487.0,1,OFFER_DISCOUNT
12495.0,1,OFFER_DISCOUNT
12496.0,1,OFFER_DISCOUNT
12499.0,1,OFFER_DISCOUNT
12503.0,1,OFFER_DISCOUNT
12507.0,1,OFFER_DISCOUNT
12510.0,2,OFFER_DISCOUNT
12514.0,1,OFFER_DISCOUNT
12519.0,2,OFFER_DISCOUNT
12525.0,2,OFFER_DISCOUNT
12527.0,2,OFFER_DISCOUNT
12529.0,1,OFFER_DISCOUNT
12531.0,1,OFFER_DISCOUNT
12533.0,1,OFFER_DISCOUNT
12542.0,2,OFFER_DISCOUNT
12547.0,2,OFFER_DISCOUNT
12549.0,1,OFFER_DISCOUNT
12555.0,1,OFFER_DISCOUNT
12568.0,1,OFFER_DISCOUNT
12570.0,1,OFFER_DISCOUNT
12575.0,2,OFFER_DISCOUNT
12580.0,1,OFFER_DISCOUNT
12590.0,2,OFFER_DISCOUNT
12592.0,1,OFFER_DISCOUNT
12595.0,2,OFFER_DISCOUNT
12606.0,1,OFFER_DISCOUNT
12619.0,1,OFFER_DISCOUNT
12625.0,2,OFFER_DISCOUNT
12632.0,1,OFFER_DISCOUNT
12634.0,1,OFFER_DISCOUNT
12636.0,1,OFFER_DISCOUNT
12638.0,1,OFFER_DISCOUNT
12653.0,1,OFFER_DISCOUNT
12663.0,1,OFFER_DISCOUNT
12664.0,1,OFFER_DISCOUNT
12671.0,1,OFFER_DISCOUNT
12672.0,1,OFFER_DISCOUNT
12675.0,1,OFFER_DISCOUNT
12677.0,1,OFFER_DISCOUNT
12687.0,2,OFFER_DISCOUNT
12692.0,1,OFFER_DISCOUNT
12695.0,1,OFFER_DISCOUNT
12698.0,1,OFFER_DISCOUNT
12701.0,1,OFFER_DISCOUNT
12703.0,1,OFFER_DISCOUNT
12706.0,1,OFFER_DISCOUNT
12711.0,1,OFFER_DISCOUNT
12717.0,1,OFFER_DISCOUNT
12730.0,1,OFFER_DISCOUNT
12737.0,2,OFFER_DISCOUNT
12741.0,1,OFFER_DISCOUNT
12742.0,1,OFFER_DISCOUNT
12744.0,2,OFFER_DISCOUNT
12745.0,2,OFFER_DISCOUNT
12746.0,1,OFFER_DISCOUNT
12758.0,0,OFFER_DISCOUNT
12760.0,2,OFFER_DISCOUNT
12761.0,2,OFFER_DISCOUNT
12765.0,2,OFFER_DISCOUNT
12771.0,2,OFFER_DISCOUNT
12773.0,1,OFFER_DISCOUNT
12774.0,1,OFFER_DISCOUNT
12776.0,1,OFFER_DISCOUNT
12777.0,2,OFFER_DISCOUNT
12780.0,1,OFFER_DISCOUNT
12784.0,1,OFFER_DISCOUNT
12785.0,1,OFFER_DISCOUNT
12786.0,1,OFFER_DISCOUNT
12788.0,2,OFFER_DISCOUNT
12789.0,1,OFFER_DISCOUNT
12792.0,1,OFFER_DISCOUNT
12796.0,1,OFFER_DISCOUNT
12799.0,1,OFFER_DISCOUNT
12800.0,2,OFFER_DISCOUNT
12801.0,2,OFFER_DISCOUNT
12804.0,2,OFFER_DISCOUNT
12809.0,1,OFFER_DISCOUNT
12810.0,1,OFFER_DISCOUNT
12813.0,2,OFFER_DISCOUNT
12819.0,2,OFFER_DISCOUNT
12821.0,1,OFFER_DISCOUNT
12825.0,1,OFFER_DISCOUNT
12829.0,1,OFFER_DISCOUNT
12831.0,2,OFFER_DISCOUNT
12837.0,1,OFFER_DISCOUNT
12846.0,1,OFFER_DISCOUNT
12848.0,1,OFFER_DISCOUNT
12851.0,2,OFFER_DISCOUNT
12854.0,1,OFFER_DISCOUNT
12859.0,2,OFFER_DISCOUNT
12860.0,1,OFFER_DISCOUNT
12861.0,1,OFFER_DISCOUNT
12864.0,2,OFFER_DISCOUNT
12866.0,2,OFFER_DISCOUNT
12869.0,1,OFFER_DISCOUNT
12875.0,2,OFFER_DISCOUNT
12891.0,2,OFFER_DISCOUNT
12894.0,1,OFFER_DISCOUNT
12896.0,1,OFFER_DISCOUNT
12898.0,2,OFFER_DISCOUNT
12905.0,1,OFFER_DISCOUNT
12911.0,1,OFFER_DISCOUNT
12918.0,1,OFFER_DISCOUNT
12920.0,1,OFFER_DISCOUNT
12925.0,1,OFFER_DISCOUNT
12932.0,1,OFFER_DISCOUNT
12934.0,1,OFFER_DISCOUNT
12937.0,2,OFFER_DISCOUNT
12941.0,1,OFFER_DISCOUNT
12945.0,1,OFFER_DISCOUNT
12948.0,1,OFFER_DISCOUNT
12953.0,1,OFFER_DISCOUNT
12954.0,1,OFFER_DISCOUNT
12956.0,1,OFFER_DISCOUNT
12957.0,1,OFFER_DISCOUNT
12959.0,2,OFFER_DISCOUNT
12969.0,1,OFFER_DISCOUNT
12974.0,1,OFFER_DISCOUNT
12977.0,2,OFFER_DISCOUNT
12979.0,1,OFFER_DISCOUNT
12983.0,1,OFFER_DISCOUNT
12992.0,1,OFFER_DISCOUNT
12998.0,2,OFFER_DISCOUNT
13000.0,1,OFFER_DISCOUNT
13007.0,1,OFFER_DISCOUNT
13009.0,1,OFFER_DISCOUNT
13020.0,1,OFFER_DISCOUNT
13023.0,1,OFFER_DISCOUNT
13024.0,2,OFFER_DISCOUNT
13025.0,1,OFFER_DISCOUNT
13026.0,2,OFFER_DISCOUNT
13036.0,1,OFFER_DISCOUNT
13039.0,1,OFFER_DISCOUNT
13042.0,1,OFFER_DISCOUNT
13044.0,0,OFFER_DISCOUNT
13046.0,2,OFFER_DISCOUNT
13051.0,1,OFFER_DISCOUNT
13053.0,1,OFFER_DISCOUNT
13054.0,1,OFFER_DISCOUNT
13056.0,1,OFFER_DISCOUNT
13057.0,1,OFFER_DISCOUNT
13063.0,2,OFFER_DISCOUNT
13064.0,1,OFFER_DISCOUNT
13070.0,2,OFFER_DISCOUNT
13071.0,1,OFFER_DISCOUNT
13074.0,1,OFFER_DISCOUNT
13076.0,2,OFFER_DISCOUNT
13084.0,2,OFFER_DISCOUNT
13087.0,1,OFFER_DISCOUNT
13091.0,1,OFFER_DISCOUNT
13100.0,1,OFFER_DISCOUNT
13101.0,2,OFFER_DISCOUNT
13109.0,1,OFFER_DISCOUNT
13111.0,1,OFFER_DISCOUNT
13112.0,1,OFFER_DISCOUNT
13114.0,1,OFFER_DISCOUNT
13119.0,1,OFFER_DISCOUNT
13123.0,2,OFFER_DISCOUNT
13125.0,1,OFFER_DISCOUNT
13128.0,1,OFFER_DISCOUNT
13133.0,2,OFFER_DISCOUNT
13135.0,2,OFFER_DISCOUNT
13143.0,1,OFFER_DISCOUNT
13150.0,2,OFFER_DISCOUNT
13151.0,1,OFFER_DISCOUNT
13161.0,2,OFFER_DISCOUNT
13163.0,1,OFFER_DISCOUNT
13164.0,1,OFFER_DISCOUNT
13168.0,1,OFFER_DISCOUNT
13169.0,1,OFFER_DISCOUNT
13175.0,1,OFFER_DISCOUNT
13179.0,1,OFFER_DISCOUNT
13180.0,1,OFFER_DISCOUNT
13187.0,1,OFFER_DISCOUNT
13190.0,1,OFFER_DISCOUNT
13191.0,1,OFFER_DISCOUNT
13192.0,1,OFFER_DISCOUNT
13197.0,1,OFFER_DISCOUNT
13201.0,2,OFFER_DISCOUNT
13204.0,1,OFFER_DISCOUNT
13209.0,1,OFFER_DISCOUNT
13217.0,1,OFFER_DISCOUNT
13219.0,1,OFFER_DISCOUNT
13220.0,1,OFFER_DISCOUNT
13222.0,1,OFFER_DISCOUNT
13231.0,1,OFFER_DISCOUNT
13234.0,1,OFFER_DISCOUNT
13283.0,1,OFFER_DISCOUNT
13285.0,1,OFFER_DISCOUNT
13286.0,1,OFFER_DISCOUNT
13287.0,1,OFFER_DISCOUNT
13289.0,1,OFFER_DISCOUNT
13294.0,1,OFFER_DISCOUNT
13302.0,1,OFFER_DISCOUNT
13307.0,2,OFFER_DISCOUNT
13308.0,1,OFFER_DISCOUNT
13313.0,2,OFFER_DISCOUNT
13315.0,1,OFFER_DISCOUNT
13330.0,2,OFFER_DISCOUNT
13334.0,1,OFFER_DISCOUNT
13335.0,1,OFFER_DISCOUNT
13337.0,1,OFFER_DISCOUNT
13338.0,1,OFFER_DISCOUNT
13342.0,1,OFFER_DISCOUNT
13346.0,2,OFFER_DISCOUNT
13357.0,0,OFFER_DISCOUNT
13361.0,2,OFFER_DISCOUNT
13371.0,2,OFFER_DISCOUNT
13383.0,1,OFFER_DISCOUNT
13388.0,1,OFFER_DISCOUNT
13392.0,1,OFFER_DISCOUNT
13393.0,1,OFFER_DISCOUNT
13399.0,2,OFFER_DISCOUNT
13400.0,1,OFFER_DISCOUNT
13401.0,1,OFFER_DISCOUNT
13405.0,2,OFFER_DISCOUNT
13407.0,1,OFFER_DISCOUNT
13409.0,1,OFFER_DISCOUNT
13412.0,1,OFFER_DISCOUNT
13413.0,1,OFFER_DISCOUNT
13414.0,2,OFFER_DISCOUNT
13415.0,2,OFFER_DISCOUNT
13416.0,1,OFFER_DISCOUNT
13417.0,1,OFFER_DISCOUNT
13425.0,2,OFFER_DISCOUNT
13427.0,2,OFFER_DISCOUNT
13428.0,1,OFFER_DISCOUNT
13432.0,1,OFFER_DISCOUNT
13438.0,1,OFFER_DISCOUNT
13442.0,1,OFFER_DISCOUNT
13445.0,1,OFFER_DISCOUNT
13452.0,2,OFFER_DISCOUNT
13454.0,1,OFFER_DISCOUNT
13457.0,1,OFFER_DISCOUNT
13459.0,1,OFFER_DISCOUNT
13469.0,1,OFFER_DISCOUNT
13472.0,2,OFFER_DISCOUNT
13473.0,1,OFFER_DISCOUNT
13477.0,2,OFFER_DISCOUNT
13478.0,2,OFFER_DISCOUNT
13482.0,1,OFFER_DISCOUNT
13487.0,2,OFFER_DISCOUNT
13490.0,1,OFFER_DISCOUNT
13498.0,1,OFFER_DISCOUNT
13501.0,2,OFFER_DISCOUNT
13503.0,2,OFFER_DISCOUNT
13508.0,1,OFFER_DISCOUNT
13509.0,2,OFFER_DISCOUNT
13511.0,2,OFFER_DISCOUNT
13526.0,1,OFFER_DISCOUNT
13528.0,1,OFFER_DISCOUNT
13530.0,1,OFFER_DISCOUNT
13540.0,2,OFFER_DISCOUNT
13543.0,1,OFFER_DISCOUNT
13548.0,2,OFFER_DISCOUNT
13551.0,1,OFFER_DISCOUNT
13553.0,1,OFFER_DISCOUNT
13559.0,1,OFFER_DISCOUNT
13583.0,1,OFFER_DISCOUNT
13584.0,2,OFFER_DISCOUNT
13585.0,1,OFFER_DISCOUNT
13586.0,1,OFFER_DISCOUNT
13594.0,2,OFFER_DISCOUNT
13595.0,1,OFFER_DISCOUNT
13598.0,2,OFFER_DISCOUNT
13600.0,1,OFFER_DISCOUNT
13604.0,1,OFFER_DISCOUNT
13608.0,1,OFFER_DISCOUNT
13609.0,1,OFFER_DISCOUNT
13612.0,1,OFFER_DISCOUNT
13616.0,1,OFFER_DISCOUNT
13619.0,1,OFFER_DISCOUNT
13620.0,1,OFFER_DISCOUNT
13622.0,1,OFFER_DISCOUNT
13625.0,1,OFFER_DISCOUNT
13627.0,2,OFFER_DISCOUNT
13628.0,1,OFFER_DISCOUNT
13633.0,1,OFFER_DISCOUNT
13640.0,1,OFFER_DISCOUNT
13641.0,1,OFFER_DISCOUNT
13647.0,2,OFFER_DISCOUNT
13653.0,2,OFFER_DISCOUNT
13656.0,2,OFFER_DISCOUNT
13661.0,1,OFFER_DISCOUNT
13664.0,1,OFFER_DISCOUNT
13672.0,1,OFFER_DISCOUNT
13676.0,1,OFFER_DISCOUNT
13679.0,2,OFFER_DISCOUNT
13680.0,0,OFFER_DISCOUNT
13683.0,2,OFFER_DISCOUNT
13688.0,1,OFFER_DISCOUNT
13695.0,1,OFFER_DISCOUNT
13698.0,1,OFFER_DISCOUNT
13699.0,1,OFFER_DISCOUNT
13706.0,1,OFFER_DISCOUNT
13712.0,1,OFFER_DISCOUNT
13714.0,2,OFFER_DISCOUNT
13724.0,1,OFFER_DISCOUNT
13727.0,1,OFFER_DISCOUNT
13734.0,2,OFFER_DISCOUNT
13739.0,1,OFFER_DISCOUNT
13745.0,1,OFFER_DISCOUNT
13749.0,1,OFFER_DISCOUNT
13752.0,1,OFFER_DISCOUNT
13753.0,1,OFFER_DISCOUNT
13757.0,1,OFFER_DISCOUNT
13761.0,2,OFFER_DISCOUNT
13762.0,1,OFFER_DISCOUNT
13764.0,1,OFFER_DISCOUNT
13765.0,1,OFFER_DISCOUNT
13766.0,2,OFFER_DISCOUNT
13768.0,1,OFFER_DISCOUNT
13771.0,1,OFFER_DISCOUNT
13775.0,1,OFFER_DISCOUNT
13778.0,2,OFFER_DISCOUNT
13779.0,1,OFFER_DISCOUNT
13781.0,1,OFFER_DISCOUNT
13783.0,2,OFFER_DISCOUNT
13787.0,2,OFFER_DISCOUNT
13788.0,2,OFFER_DISCOUNT
13793.0,1,OFFER_DISCOUNT
13794.0,1,OFFER_DISCOUNT
13796.0,2,OFFER_DISCOUNT
13813.0,1,OFFER_DISCOUNT
13814.0,1,OFFER_DISCOUNT
13819.0,1,OFFER_DISCOUNT
13825.0,1,OFFER_DISCOUNT
13830.0,1,OFFER_DISCOUNT
13834.0,1,OFFER_DISCOUNT
13835.0,1,OFFER_DISCOUNT
13839.0,2,OFFER_DISCOUNT
13847.0,1,OFFER_DISCOUNT
13852.0,1,OFFER_DISCOUNT
13855.0,2,OFFER_DISCOUNT
13856.0,2,OFFER_DISCOUNT
13859.0,1,OFFER_DISCOUNT
13872.0,1,OFFER_DISCOUNT
13874.0,2,OFFER_DISCOUNT
13877.0,2,OFFER_DISCOUNT
13878.0,1,OFFER_DISCOUNT
13879.0,1,OFFER_DISCOUNT
13892.0,2,OFFER_DISCOUNT
13895.0,2,OFFER_DISCOUNT
13896.0,1,OFFER_DISCOUNT
13902.0,1,OFFER_DISCOUNT
13905.0,1,OFFER_DISCOUNT
13907.0,1,OFFER_DISCOUNT
13913.0,2,OFFER_DISCOUNT
13916.0,2,OFFER_DISCOUNT
13935.0,1,OFFER_DISCOUNT
13942.0,1,OFFER_DISCOUNT
13943.0,1,OFFER_DISCOUNT
13944.0,1,OFFER_DISCOUNT
13965.0,2,OFFER_DISCOUNT
13974.0,1,OFFER_DISCOUNT
13976.0,2,OFFER_DISCOUNT
13989.0,2,OFFER_DISCOUNT
13997.0,1,OFFER_DISCOUNT
14003.0,1,OFFER_DISCOUNT
14006.0,1,OFFER_DISCOUNT
14007.0,1,OFFER_DISCOUNT
14009.0,2,OFFER_DISCOUNT
14010.0,1,OFFER_DISCOUNT
14011.0,2,OFFER_DISCOUNT
14017.0,1,OFFER_DISCOUNT
14018.0,1,OFFER_DISCOUNT
14020.0,2,OFFER_DISCOUNT
14022.0,2,OFFER_DISCOUNT
14025.0,2,OFFER_DISCOUNT
14026.0,2,OFFER_DISCOUNT
14028.0,2,OFFER_DISCOUNT
14033.0,1,OFFER_DISCOUNT
14037.0,2,OFFER_DISCOUNT
14039.0,1,OFFER_DISCOUNT
14042.0,1,OFFER_DISCOUNT
14043.0,2,OFFER_DISCOUNT
14055.0,1,OFFER_DISCOUNT
14058.0,2,OFFER_DISCOUNT
14061.0,2,OFFER_DISCOUNT
14068.0,1,OFFER_DISCOUNT
14069.0,1,OFFER_DISCOUNT
14070.0,1,OFFER_DISCOUNT
14072.0,1,OFFER_DISCOUNT
14074.0,1,OFFER_DISCOUNT
14079.0,1,OFFER_DISCOUNT
14084.0,1,OFFER_DISCOUNT
14086.0,2,OFFER_DISCOUNT
14091.0,1,OFFER_DISCOUNT
14095.0,1,OFFER_DISCOUNT
14097.0,2,OFFER_DISCOUNT
14103.0,1,OFFER_DISCOUNT
14106.0,1,OFFER_DISCOUNT
14108.0,1,OFFER_DISCOUNT
14115.0,2,OFFER_DISCOUNT
14123.0,1,OFFER_DISCOUNT
14128.0,1,OFFER_DISCOUNT
14131.0,1,OFFER_DISCOUNT
14133.0,1,OFFER_DISCOUNT
14137.0,1,OFFER_DISCOUNT
14139.0,2,OFFER_DISCOUNT
14144.0,2,OFFER_DISCOUNT
14145.0,2,OFFER_DISCOUNT
14151.0,1,OFFER_DISCOUNT
14153.0,2,OFFER_DISCOUNT
14160.0,1,OFFER_DISCOUNT
14163.0,2,OFFER_DISCOUNT
14166.0,2,OFFER_DISCOUNT
14167.0,2,OFFER_DISCOUNT
14171.0,1,OFFER_DISCOUNT
14172.0,1,OFFER_DISCOUNT
14173.0,1,OFFER_DISCOUNT
14187.0,2,OFFER_DISCOUNT
14190.0,1,OFFER_DISCOUNT
14200.0,1,OFFER_DISCOUNT
14207.0,1,OFFER_DISCOUNT
14208.0,1,OFFER_DISCOUNT
14220.0,1,OFFER_DISCOUNT
14235.0,2,OFFER_DISCOUNT
14238.0,1,OFFER_DISCOUNT
14241.0,1,OFFER_DISCOUNT
14244.0,1,OFFER_DISCOUNT
14248.0,2,OFFER_DISCOUNT
14253.0,2,OFFER_DISCOUNT
14255.0,1,OFFER_DISCOUNT
14256.0,2,OFFER_DISCOUNT
14260.0,2,OFFER_DISCOUNT
14265.0,2,OFFER_DISCOUNT
14267.0,1,OFFER_DISCOUNT
14268.0,2,OFFER_DISCOUNT
14272.0,1,OFFER_DISCOUNT
14274.0,1,OFFER_DISCOUNT
14279.0,1,OFFER_DISCOUNT
14283.0,2,OFFER_DISCOUNT
14284.0,1,OFFER_DISCOUNT
14285.0,1,OFFER_DISCOUNT
14308.0,1,OFFER_DISCOUNT
14311.0,1,OFFER_DISCOUNT
14313.0,1,OFFER_DISCOUNT
14315.0,1,OFFER_DISCOUNT
14318.0,2,OFFER_DISCOUNT
14320.0,1,OFFER_DISCOUNT
14325.0,1,OFFER_DISCOUNT
14326.0,2,OFFER_DISCOUNT
14330.0,1,OFFER_DISCOUNT
14337.0,1,OFFER_DISCOUNT
14338.0,1,OFFER_DISCOUNT
14347.0,1,OFFER_DISCOUNT
14361.0,1,OFFER_DISCOUNT
14366.0,1,OFFER_DISCOUNT
14369.0,1,OFFER_DISCOUNT
14374.0,1,OFFER_DISCOUNT
14376.0,1,OFFER_DISCOUNT
14378.0,1,OFFER_DISCOUNT
14380.0,1,OFFER_DISCOUNT
14384.0,2,OFFER_DISCOUNT
14391.0,1,OFFER_DISCOUNT
14394.0,1,OFFER_DISCOUNT
14402.0,1,OFFER_DISCOUNT
14403.0,1,OFFER_DISCOUNT
14408.0,2,OFFER_DISCOUNT
14421.0,1,OFFER_DISCOUNT
14427.0,2,OFFER_DISCOUNT
14430.0,1,OFFER_DISCOUNT
14433.0,2,OFFER_DISCOUNT
14435.0,2,OFFER_DISCOUNT
14436.0,1,OFFER_DISCOUNT
14444.0,2,OFFER_DISCOUNT
14445.0,2,OFFER_DISCOUNT
14459.0,1,OFFER_DISCOUNT
14463.0,2,OFFER_DISCOUNT
14464.0,1,OFFER_DISCOUNT
14468.0,1,OFFER_DISCOUNT
14471.0,1,OFFER_DISCOUNT
14472.0,1,OFFER_DISCOUNT
14474.0,1,OFFER_DISCOUNT
14483.0,1,OFFER_DISCOUNT
14486.0,1,OFFER_DISCOUNT
14495.0,1,OFFER_DISCOUNT
14497.0,1,OFFER_DISCOUNT
14509.0,1,OFFER_DISCOUNT
14516.0,1,OFFER_DISCOUNT
14519.0,1,OFFER_DISCOUNT
14521.0,2,OFFER_DISCOUNT
14522.0,1,OFFER_DISCOUNT
14531.0,2,OFFER_DISCOUNT
14537.0,1,OFFER_DISCOUNT
14538.0,1,OFFER_DISCOUNT
14544.0,2,OFFER_DISCOUNT
14545.0,1,OFFER_DISCOUNT
14548.0,2,OFFER_DISCOUNT
14556.0,1,OFFER_DISCOUNT
14558.0,1,OFFER_DISCOUNT
14563.0,2,OFFER_DISCOUNT
14565.0,2,OFFER_DISCOUNT
14574.0,1,OFFER_DISCOUNT
14575.0,2,OFFER_DISCOUNT
14580.0,1,OFFER_DISCOUNT
14581.0,1,OFFER_DISCOUNT
14588.0,1,OFFER_DISCOUNT
14596.0,1,OFFER_DISCOUNT
14598.0,1,OFFER_DISCOUNT
14602.0,1,OFFER_DISCOUNT
14604.0,1,OFFER_DISCOUNT
14607.0,2,OFFER_DISCOUNT
14613.0,1,OFFER_DISCOUNT
14619.0,1,OFFER_DISCOUNT
14621.0,2,OFFER_DISCOUNT
14630.0,2,OFFER_DISCOUNT
14637.0,1,OFFER_DISCOUNT
14643.0,1,OFFER_DISCOUNT
14645.0,1,OFFER_DISCOUNT
14647.0,1,OFFER_DISCOUNT
14650.0,1,OFFER_DISCOUNT
14653.0,2,OFFER_DISCOUNT
14654.0,1,OFFER_DISCOUNT
14669.0,1,OFFER_DISCOUNT
14670.0,1,OFFER_DISCOUNT
14671.0,1,OFFER_DISCOUNT
14672.0,1,OFFER_DISCOUNT
14674.0,1,OFFER_DISCOUNT
14677.0,1,OFFER_DISCOUNT
14678.0,1,OFFER_DISCOUNT
14683.0,1,OFFER_DISCOUNT
14685.0,1,OFFER_DISCOUNT
14694.0,1,OFFER_DISCOUNT
14695.0,1,OFFER_DISCOUNT
14706.0,1,OFFER_DISCOUNT
14717.0,1,OFFER_DISCOUNT
14722.0,2,OFFER_DISCOUNT
14724.0,1,OFFER_DISCOUNT
14726.0,1,OFFER_DISCOUNT
14727.0,1,OFFER_DISCOUNT
14736.0,2,OFFER_DISCOUNT
14738.0,1,OFFER_DISCOUNT
14743.0,1,OFFER_DISCOUNT
14745.0,2,OFFER_DISCOUNT
14749.0,2,OFFER_DISCOUNT
14750.0,1,OFFER_DISCOUNT
14751.0,1,OFFER_DISCOUNT
14753.0,2,OFFER_DISCOUNT
14762.0,1,OFFER_DISCOUNT
14763.0,1,OFFER_DISCOUNT
14767.0,2,OFFER_DISCOUNT
14770.0,2,OFFER_DISCOUNT
14771.0,1,OFFER_DISCOUNT
14773.0,1,OFFER_DISCOUNT
14774.0,1,OFFER_DISCOUNT
14783.0,1,OFFER_DISCOUNT
14786.0,1,OFFER_DISCOUNT
14787.0,2,OFFER_DISCOUNT
14788.0,1,OFFER_DISCOUNT
14791.0,1,OFFER_DISCOUNT
14793.0,1,OFFER_DISCOUNT
14797.0,2,OFFER_DISCOUNT
14799.0,1,OFFER_DISCOUNT
14809.0,1,OFFER_DISCOUNT
14812.0,1,OFFER_DISCOUNT
14814.0,1,OFFER_DISCOUNT
14818.0,2,OFFER_DISCOUNT
14819.0,2,OFFER_DISCOUNT
14822.0,2,OFFER_DISCOUNT
14826.0,1,OFFER_DISCOUNT
14827.0,1,OFFER_DISCOUNT
14831.0,1,OFFER_DISCOUNT
14832.0,1,OFFER_DISCOUNT
14833.0,2,OFFER_DISCOUNT
14835.0,1,OFFER_DISCOUNT
14840.0,1,OFFER_DISCOUNT
14845.0,1,OFFER_DISCOUNT
14851.0,1,OFFER_DISCOUNT
14855.0,2,OFFER_DISCOUNT
14858.0,2,OFFER_DISCOUNT
14859.0,1,OFFER_DISCOUNT
14864.0,1,OFFER_DISCOUNT
14871.0,2,OFFER_DISCOUNT
14872.0,2,OFFER_DISCOUNT
14873.0,1,OFFER_DISCOUNT
14874.0,1,OFFER_DISCOUNT
14876.0,1,OFFER_DISCOUNT
14879.0,1,OFFER_DISCOUNT
14884.0,1,OFFER_DISCOUNT
14890.0,1,OFFER_DISCOUNT
14892.0,1,OFFER_DISCOUNT
14893.0,1,OFFER_DISCOUNT
14900.0,1,OFFER_DISCOUNT
14908.0,2,OFFER_DISCOUNT
14914.0,1,OFFER_DISCOUNT
14917.0,1,OFFER_DISCOUNT
14919.0,1,OFFER_DISCOUNT
14920.0,1,OFFER_DISCOUNT
14924.0,1,OFFER_DISCOUNT
14925.0,1,OFFER_DISCOUNT
14928.0,1,OFFER_DISCOUNT
14935.0,1,OFFER_DISCOUNT
14938.0,2,OFFER_DISCOUNT
14939.0,1,OFFER_DISCOUNT
14941.0,1,OFFER_DISCOUNT
14943.0,1,OFFER_DISCOUNT
14949.0,2,OFFER_DISCOUNT
14954.0,1,OFFER_DISCOUNT
14955.0,1,OFFER_DISCOUNT
14957.0,1,OFFER_DISCOUNT
14958.0,1,OFFER_DISCOUNT
14962.0,1,OFFER_DISCOUNT
14968.0,2,OFFER_DISCOUNT
14969.0,1,OFFER_DISCOUNT
14977.0,1,OFFER_DISCOUNT
14979.0,1,OFFER_DISCOUNT
14980.0,1,OFFER_DISCOUNT
14982.0,1,OFFER_DISCOUNT
14983.0,1,OFFER_DISCOUNT
14989.0,1,OFFER_DISCOUNT
14990.0,1,OFFER_DISCOUNT
14993.0,1,OFFER_DISCOUNT
14996.0,2,OFFER_DISCOUNT
14997.0,1,OFFER_DISCOUNT
14999.0,1,OFFER_DISCOUNT
15003.0,0,OFFER_DISCOUNT
15008.0,2,OFFER_DISCOUNT
15013.0,0,OFFER_DISCOUNT
15015.0,0,OFFER_DISCOUNT
15022.0,1,OFFER_DISCOUNT
15025.0,1,OFFER_DISCOUNT
15029.0,1,OFFER_DISCOUNT
15040.0,1,OFFER_DISCOUNT
15042.0,1,OFFER_DISCOUNT
15043.0,2,OFFER_DISCOUNT
15055.0,2,OFFER_DISCOUNT
15056.0,1,OFFER_DISCOUNT
15072.0,2,OFFER_DISCOUNT
15076.0,2,OFFER_DISCOUNT
15077.0,2,OFFER_DISCOUNT
15082.0,1,OFFER_DISCOUNT
15085.0,1,OFFER_DISCOUNT
15086.0,1,OFFER_DISCOUNT
15091.0,2,OFFER_DISCOUNT
15094.0,2,OFFER_DISCOUNT
15097.0,1,OFFER_DISCOUNT
15102.0,1,OFFER_DISCOUNT
15109.0,1,OFFER_DISCOUNT
15112.0,1,OFFER_DISCOUNT
15115.0,1,OFFER_DISCOUNT
15124.0,2,OFFER_DISCOUNT
15125.0,2,OFFER_DISCOUNT
15126.0,1,OFFER_DISCOUNT
15127.0,1,OFFER_DISCOUNT
15135.0,1,OFFER_DISCOUNT
15137.0,1,OFFER_DISCOUNT
15141.0,2,OFFER_DISCOUNT
15149.0,1,OFFER_DISCOUNT
15150.0,2,OFFER_DISCOUNT
15152.0,1,OFFER_DISCOUNT
15154.0,2,OFFER_DISCOUNT
15157.0,1,OFFER_DISCOUNT
15162.0,1,OFFER_DISCOUNT
15166.0,2,OFFER_DISCOUNT
15176.0,1,OFFER_DISCOUNT
15183.0,1,OFFER_DISCOUNT
15186.0,2,OFFER_DISCOUNT
15188.0,1,OFFER_DISCOUNT
15191.0,2,OFFER_DISCOUNT
15200.0,2,OFFER_DISCOUNT
15209.0,1,OFFER_DISCOUNT
15216.0,1,OFFER_DISCOUNT
15217.0,1,OFFER_DISCOUNT
15219.0,1,OFFER_DISCOUNT
15222.0,2,OFFER_DISCOUNT
15223.0,1,OFFER_DISCOUNT
15224.0,1,OFFER_DISCOUNT
15229.0,1,OFFER_DISCOUNT
15231.0,1,OFFER_DISCOUNT
15244.0,1,OFFER_DISCOUNT
15246.0,1,OFFER_DISCOUNT
15247.0,2,OFFER_DISCOUNT
15250.0,1,OFFER_DISCOUNT
15254.0,1,OFFER_DISCOUNT
15256.0,1,OFFER_DISCOUNT
15259.0,1,OFFER_DISCOUNT
15264.0,2,OFFER_DISCOUNT
15265.0,1,OFFER_DISCOUNT
15268.0,2,OFFER_DISCOUNT
15273.0,1,OFFER_DISCOUNT
15278.0,1,OFFER_DISCOUNT
15280.0,2,OFFER_DISCOUNT
15282.0,1,OFFER_DISCOUNT
15284.0,2,OFFER_DISCOUNT
15293.0,1,OFFER_DISCOUNT
15295.0,1,OFFER_DISCOUNT
15302.0,1,OFFER_DISCOUNT
15303.0,1,OFFER_DISCOUNT
15305.0,1,OFFER_DISCOUNT
15306.0,2,OFFER_DISCOUNT
15309.0,1,OFFER_DISCOUNT
15310.0,2,OFFER_DISCOUNT
15317.0,1,OFFER_DISCOUNT
15322.0,2,OFFER_DISCOUNT
15323.0,1,OFFER_DISCOUNT
15324.0,1,OFFER_DISCOUNT
15326.0,1,OFFER_DISCOUNT
15331.0,2,OFFER_DISCOUNT
15338.0,1,OFFER_DISCOUNT
15340.0,1,OFFER_DISCOUNT
15352.0,1,OFFER_DISCOUNT
15354.0,1,OFFER_DISCOUNT
15357.0,1,OFFER_DISCOUNT
15359.0,1,OFFER_DISCOUNT
15361.0,1,OFFER_DISCOUNT
15371.0,1,OFFER_DISCOUNT
15374.0,1,OFFER_DISCOUNT
15375.0,1,OFFER_DISCOUNT
15378.0,2,OFFER_DISCOUNT
15383.0,1,OFFER_DISCOUNT
15387.0,2,OFFER_DISCOUNT
15391.0,1,OFFER_DISCOUNT
15393.0,1,OFFER_DISCOUNT
15396.0,1,OFFER_DISCOUNT
15403.0,2,OFFER_DISCOUNT
15405.0,1,OFFER_DISCOUNT
15409.0,1,OFFER_DISCOUNT
15410.0,1,OFFER_DISCOUNT
15416.0,2,OFFER_DISCOUNT
15423.0,1,OFFER_DISCOUNT
15424.0,2,OFFER_DISCOUNT
15430.0,2,OFFER_DISCOUNT
15431.0,2,OFFER_DISCOUNT
15432.0,1,OFFER_DISCOUNT
15437.0,1,OFFER_DISCOUNT
15443.0,0,OFFER_DISCOUNT
15445.0,1,OFFER_DISCOUNT
15447.0,1,OFFER_DISCOUNT
15448.0,1,OFFER_DISCOUNT
15454.0,1,OFFER_DISCOUNT
15455.0,1,OFFER_DISCOUNT
15461.0,2,OFFER_DISCOUNT
15470.0,1,OFFER_DISCOUNT
15474.0,1,OFFER_DISCOUNT
15477.0,1,OFFER_DISCOUNT
15478.0,1,OFFER_DISCOUNT
15479.0,1,OFFER_DISCOUNT
15480.0,2,OFFER_DISCOUNT
15484.0,1,OFFER_DISCOUNT
15486.0,1,OFFER_DISCOUNT
15487.0,1,OFFER_DISCOUNT
15488.0,2,OFFER_DISCOUNT
15494.0,2,OFFER_DISCOUNT
15496.0,1,OFFER_DISCOUNT
15499.0,1,OFFER_DISCOUNT
15503.0,1,OFFER_DISCOUNT
15504.0,1,OFFER_DISCOUNT
15524.0,1,OFFER_DISCOUNT
15530.0,1,OFFER_DISCOUNT
15534.0,1,OFFER_DISCOUNT
15538.0,1,OFFER_DISCOUNT
15542.0,2,OFFER_DISCOUNT
15543.0,2,OFFER_DISCOUNT
15546.0,1,OFFER_DISCOUNT
15548.0,1,OFFER_DISCOUNT
15552.0,1,OFFER_DISCOUNT
15558.0,1,OFFER_DISCOUNT
15559.0,1,OFFER_DISCOUNT
15563.0,2,OFFER_DISCOUNT
15564.0,2,OFFER_DISCOUNT
15573.0,1,OFFER_DISCOUNT
15575.0,1,OFFER_DISCOUNT
15577.0,1,OFFER_DISCOUNT
15586.0,1,OFFER_DISCOUNT
15588.0,1,OFFER_DISCOUNT
15591.0,1,OFFER_DISCOUNT
15595.0,2,OFFER_DISCOUNT
15597.0,1,OFFER_DISCOUNT
15603.0,1,OFFER_DISCOUNT
15607.0,1,OFFER_DISCOUNT
15613.0,1,OFFER_DISCOUNT
15627.0,2,OFFER_DISCOUNT
15630.0,1,OFFER_DISCOUNT
15631.0,1,OFFER_DISCOUNT
15633.0,2,OFFER_DISCOUNT
15642.0,1,OFFER_DISCOUNT
15650.0,1,OFFER_DISCOUNT
15662.0,1,OFFER_DISCOUNT
15666.0,2,OFFER_DISCOUNT
15670.0,1,OFFER_DISCOUNT
15672.0,1,OFFER_DISCOUNT
15682.0,1,OFFER_DISCOUNT
15683.0,2,OFFER_DISCOUNT
15684.0,1,OFFER_DISCOUNT
15689.0,1,OFFER_DISCOUNT
15693.0,1,OFFER_DISCOUNT
15695.0,1,OFFER_DISCOUNT
15697.0,1,OFFER_DISCOUNT
15698.0,1,OFFER_DISCOUNT
15702.0,2,OFFER_DISCOUNT
15704.0,2,OFFER_DISCOUNT
15709.0,1,OFFER_DISCOUNT
15711.0,1,OFFER_DISCOUNT
15715.0,1,OFFER_DISCOUNT
15718.0,1,OFFER_DISCOUNT
15720.0,1,OFFER_DISCOUNT
15731.0,1,OFFER_DISCOUNT
15741.0,2,OFFER_DISCOUNT
15742.0,1,OFFER_DISCOUNT
15751.0,2,OFFER_DISCOUNT
15754.0,2,OFFER_DISCOUNT
15760.0,1,OFFER_DISCOUNT
15765.0,1,OFFER_DISCOUNT
15767.0,1,OFFER_DISCOUNT
15768.0,3,OFFER_DISCOUNT
15770.0,1,OFFER_DISCOUNT
15771.0,1,OFFER_DISCOUNT
15775.0,1,OFFER_DISCOUNT
15779.0,2,OFFER_DISCOUNT
15784.0,2,OFFER_DISCOUNT
15788.0,2,OFFER_DISCOUNT
15791.0,2,OFFER_DISCOUNT
15794.0,1,OFFER_DISCOUNT
15797.0,1,OFFER_DISCOUNT
15798.0,2,OFFER_DISCOUNT
15809.0,2,OFFER_DISCOUNT
15816.0,1,OFFER_DISCOUNT
15818.0,1,OFFER_DISCOUNT
15822.0,2,OFFER_DISCOUNT
15826.0,1,OFFER_DISCOUNT
15833.0,1,OFFER_DISCOUNT
15837.0,2,OFFER_DISCOUNT
15845.0,1,OFFER_DISCOUNT
15848.0,1,OFFER_DISCOUNT
15849.0,1,OFFER_DISCOUNT
15851.0,1,OFFER_DISCOUNT
15852.0,1,OFFER_DISCOUNT
15855.0,2,OFFER_DISCOUNT
15861.0,2,OFFER_DISCOUNT
15863.0,1,OFFER_DISCOUNT
15868.0,1,OFFER_DISCOUNT
15869.0,1,OFFER_DISCOUNT
15873.0,2,OFFER_DISCOUNT
15875.0,1,OFFER_DISCOUNT
15878.0,1,OFFER_DISCOUNT
15892.0,1,OFFER_DISCOUNT
15893.0,2,OFFER_DISCOUNT
15896.0,1,OFFER_DISCOUNT
15905.0,1,OFFER_DISCOUNT
15908.0,2,OFFER_DISCOUNT
15913.0,1,OFFER_DISCOUNT
15917.0,1,OFFER_DISCOUNT
15918.0,1,OFFER_DISCOUNT
15924.0,1,OFFER_DISCOUNT
15926.0,1,OFFER_DISCOUNT
15927.0,1,OFFER_DISCOUNT
15928.0,1,OFFER_DISCOUNT
15929.0,1,OFFER_DISCOUNT
15935.0,1,OFFER_DISCOUNT
15938.0,2,OFFER_DISCOUNT
15941.0,1,OFFER_DISCOUNT
15943.0,1,OFFER_DISCOUNT
15946.0,2,OFFER_DISCOUNT
15954.0,1,OFFER_DISCOUNT
15956.0,1,OFFER_DISCOUNT
15959.0,1,OFFER_DISCOUNT
15964.0,1,OFFER_DISCOUNT
15970.0,1,OFFER_DISCOUNT
15972.0,2,OFFER_DISCOUNT
15979.0,1,OFFER_DISCOUNT
15980.0,2,OFFER_DISCOUNT
15982.0,1,OFFER_DISCOUNT
15988.0,1,OFFER_DISCOUNT
15990.0,2,OFFER_DISCOUNT
15991.0,1,OFFER_DISCOUNT
15997.0,1,OFFER_DISCOUNT
15999.0,1,OFFER_DISCOUNT
16002.0,1,OFFER_DISCOUNT
16004.0,2,OFFER_DISCOUNT
16027.0,2,OFFER_DISCOUNT
16028.0,1,OFFER_DISCOUNT
16032.0,2,OFFER_DISCOUNT
16035.0,1,OFFER_DISCOUNT
16037.0,1,OFFER_DISCOUNT
16046.0,1,OFFER_DISCOUNT
16047.0,1,OFFER_DISCOUNT
16051.0,1,OFFER_DISCOUNT
16064.0,1,OFFER_DISCOUNT
16067.0,1,OFFER_DISCOUNT
16068.0,1,OFFER_DISCOUNT
16071.0,1,OFFER_DISCOUNT
16075.0,2,OFFER_DISCOUNT
16077.0,1,OFFER_DISCOUNT
16078.0,1,OFFER_DISCOUNT
16082.0,1,OFFER_DISCOUNT
16088.0,1,OFFER_DISCOUNT
16090.0,1,OFFER_DISCOUNT
16092.0,2,OFFER_DISCOUNT
16095.0,2,OFFER_DISCOUNT
16100.0,2,OFFER_DISCOUNT
16109.0,1,OFFER_DISCOUNT
16110.0,1,OFFER_DISCOUNT
16127.0,1,OFFER_DISCOUNT
16132.0,1,OFFER_DISCOUNT
16135.0,1,OFFER_DISCOUNT
16136.0,1,OFFER_DISCOUNT
16137.0,1,OFFER_DISCOUNT
16139.0,1,OFFER_DISCOUNT
16151.0,1,OFFER_DISCOUNT
16154.0,1,OFFER_DISCOUNT
16158.0,1,OFFER_DISCOUNT
16165.0,2,OFFER_DISCOUNT
16172.0,2,OFFER_DISCOUNT
16174.0,2,OFFER_DISCOUNT
16175.0,2,OFFER_DISCOUNT
16180.0,2,OFFER_DISCOUNT
16185.0,1,OFFER_DISCOUNT
16192.0,1,OFFER_DISCOUNT
16195.0,1,OFFER_DISCOUNT
16196.0,2,OFFER_DISCOUNT
16197.0,2,OFFER_DISCOUNT
16212.0,1,OFFER_DISCOUNT
16219.0,2,OFFER_DISCOUNT
16220.0,1,OFFER_DISCOUNT
16222.0,1,OFFER_DISCOUNT
16227.0,2,OFFER_DISCOUNT
16234.0,2,OFFER_DISCOUNT
16246.0,2,OFFER_DISCOUNT
16251.0,1,OFFER_DISCOUNT
16256.0,2,OFFER_DISCOUNT
16267.0,1,OFFER_DISCOUNT
16271.0,2,OFFER_DISCOUNT
16273.0,1,OFFER_DISCOUNT
16275.0,2,OFFER_DISCOUNT
16276.0,2,OFFER_DISCOUNT
16277.0,1,OFFER_DISCOUNT
16278.0,2,OFFER_DISCOUNT
16280.0,1,OFFER_DISCOUNT
16282.0,2,OFFER_DISCOUNT
16285.0,1,OFFER_DISCOUNT
16286.0,2,OFFER_DISCOUNT
16288.0,2,OFFER_DISCOUNT
16289.0,2,OFFER_DISCOUNT
16290.0,2,OFFER_DISCOUNT
16291.0,1,OFFER_DISCOUNT
16294.0,2,OFFER_DISCOUNT
16296.0,1,OFFER_DISCOUNT
16299.0,2,OFFER_DISCOUNT
16301.0,1,OFFER_DISCOUNT
16304.0,1,OFFER_DISCOUNT
16315.0,1,OFFER_DISCOUNT
16317.0,1,OFFER_DISCOUNT
16321.0,1,OFFER_DISCOUNT
16323.0,1,OFFER_DISCOUNT
16328.0,1,OFFER_DISCOUNT
16334.0,2,OFFER_DISCOUNT
16335.0,0,OFFER_DISCOUNT
16344.0,2,OFFER_DISCOUNT
16345.0,2,OFFER_DISCOUNT
16366.0,1,OFFER_DISCOUNT
16375.0,2,OFFER_DISCOUNT
16377.0,1,OFFER_DISCOUNT
16388.0,1,OFFER_DISCOUNT
16390.0,1,OFFER_DISCOUNT
16396.0,2,OFFER_DISCOUNT
16397.0,1,OFFER_DISCOUNT
16404.0,1,OFFER_DISCOUNT
16408.0,1,OFFER_DISCOUNT
16410.0,1,OFFER_DISCOUNT
16415.0,1,OFFER_DISCOUNT
16417.0,2,OFFER_DISCOUNT
16419.0,1,OFFER_DISCOUNT
16435.0,2,OFFER_DISCOUNT
16436.0,1,OFFER_DISCOUNT
16439.0,1,OFFER_DISCOUNT
16440.0,2,OFFER_DISCOUNT
16442.0,1,OFFER_DISCOUNT
16443.0,1,OFFER_DISCOUNT
16447.0,1,OFFER_DISCOUNT
16448.0,2,OFFER_DISCOUNT
16450.0,1,OFFER_DISCOUNT
16451.0,1,OFFER_DISCOUNT
16452.0,1,OFFER_DISCOUNT
16453.0,1,OFFER_DISCOUNT
16459.0,1,OFFER_DISCOUNT
16461.0,1,OFFER_DISCOUNT
16467.0,2,OFFER_DISCOUNT
16468.0,2,OFFER_DISCOUNT
16469.0,1,OFFER_DISCOUNT
16481.0,1,OFFER_DISCOUNT
16486.0,1,OFFER_DISCOUNT
16487.0,1,OFFER_DISCOUNT
16492.0,1,OFFER_DISCOUNT
16502.0,1,OFFER_DISCOUNT
16507.0,1,OFFER_DISCOUNT
16508.0,1,OFFER_DISCOUNT
16512.0,1,OFFER_DISCOUNT
16514.0,1,OFFER_DISCOUNT
16526.0,1,OFFER_DISCOUNT
16529.0,2,OFFER_DISCOUNT
16530.0,1,OFFER_DISCOUNT
16534.0,1,OFFER_DISCOUNT
16537.0,1,OFFER_DISCOUNT
16538.0,1,OFFER_DISCOUNT
16541.0,1,OFFER_DISCOUNT
16543.0,1,OFFER_DISCOUNT
16544.0,1,OFFER_DISCOUNT
16547.0,1,OFFER_DISCOUNT
16548.0,1,OFFER_DISCOUNT
16555.0,2,OFFER_DISCOUNT
16562.0,2,OFFER_DISCOUNT
16564.0,1,OFFER_DISCOUNT
16569.0,1,OFFER_DISCOUNT
16575.0,1,OFFER_DISCOUNT
16577.0,1,OFFER_DISCOUNT
16578.0,1,OFFER_DISCOUNT
16580.0,1,OFFER_DISCOUNT
16585.0,1,OFFER_DISCOUNT
16604.0,1,OFFER_DISCOUNT
16605.0,1,OFFER_DISCOUNT
16615.0,1,OFFER_DISCOUNT
16622.0,1,OFFER_DISCOUNT
16631.0,2,OFFER_DISCOUNT
16632.0,2,OFFER_DISCOUNT
16641.0,1,OFFER_DISCOUNT
16645.0,1,OFFER_DISCOUNT
16648.0,2,OFFER_DISCOUNT
16649.0,1,OFFER_DISCOUNT
16651.0,1,OFFER_DISCOUNT
16661.0,1,OFFER_DISCOUNT
16663.0,1,OFFER_DISCOUNT
16664.0,1,OFFER_DISCOUNT
16666.0,1,OFFER_DISCOUNT
16669.0,1,OFFER_DISCOUNT
16673.0,1,OFFER_DISCOUNT
16680.0,1,OFFER_DISCOUNT
16681.0,1,OFFER_DISCOUNT
16683.0,1,OFFER_DISCOUNT
16694.0,1,OFFER_DISCOUNT
16695.0,1,OFFER_DISCOUNT
16703.0,1,OFFER_DISCOUNT
16704.0,1,OFFER_DISCOUNT
16714.0,1,OFFER_DISCOUNT
16715.0,1,OFFER_DISCOUNT
16716.0,1,OFFER_DISCOUNT
16731.0,1,OFFER_DISCOUNT
16733.0,1,OFFER_DISCOUNT
16736.0,2,OFFER_DISCOUNT
16737.0,1,OFFER_DISCOUNT
16739.0,1,OFFER_DISCOUNT
16741.0,1,OFFER_DISCOUNT
16742.0,2,OFFER_DISCOUNT
16743.0,2,OFFER_DISCOUNT
16749.0,1,OFFER_DISCOUNT
16755.0,2,OFFER_DISCOUNT
16763.0,1,OFFER_DISCOUNT
16769.0,2,OFFER_DISCOUNT
16771.0,2,OFFER_DISCOUNT
16798.0,1,OFFER_DISCOUNT
16802.0,1,OFFER_DISCOUNT
16805.0,1,OFFER_DISCOUNT
16807.0,2,OFFER_DISCOUNT
16819.0,2,OFFER_DISCOUNT
16822.0,1,OFFER_DISCOUNT
16831.0,1,OFFER_DISCOUNT
16834.0,1,OFFER_DISCOUNT
16838.0,1,OFFER_DISCOUNT
16840.0,1,OFFER_DISCOUNT
16844.0,1,OFFER_DISCOUNT
16845.0,1,OFFER_DISCOUNT
16846.0,1,OFFER_DISCOUNT
16847.0,1,OFFER_DISCOUNT
16853.0,1,OFFER_DISCOUNT
16862.0,1,OFFER_DISCOUNT
16867.0,1,OFFER_DISCOUNT
16870.0,2,OFFER_DISCOUNT
16880.0,2,OFFER_DISCOUNT
16884.0,1,OFFER_DISCOUNT
16890.0,2,OFFER_DISCOUNT
16892.0,1,OFFER_DISCOUNT
16894.0,2,OFFER_DISCOUNT
16896.0,1,OFFER_DISCOUNT
16901.0,1,OFFER_DISCOUNT
16908.0,1,OFFER_DISCOUNT
16911.0,1,OFFER_DISCOUNT
16913.0,1,OFFER_DISCOUNT
16917.0,1,OFFER_DISCOUNT
16922.0,1,OFFER_DISCOUNT
16925.0,1,OFFER_DISCOUNT
16937.0,2,OFFER_DISCOUNT
16939.0,2,OFFER_DISCOUNT
16941.0,1,OFFER_DISCOUNT
16943.0,1,OFFER_DISCOUNT
16944.0,1,OFFER_DISCOUNT
16964.0,1,OFFER_DISCOUNT
16970.0,1,OFFER_DISCOUNT
16974.0,1,OFFER_DISCOUNT
16978.0,1,OFFER_DISCOUNT
16981.0,1,OFFER_DISCOUNT
16993.0,2,OFFER_DISCOUNT
16994.0,1,OFFER_DISCOUNT
17005.0,2,OFFER_DISCOUNT
17009.0,1,OFFER_DISCOUNT
17011.0,1,OFFER_DISCOUNT
17012.0,1,OFFER_DISCOUNT
17013.0,1,OFFER_DISCOUNT
17016.0,1,OFFER_DISCOUNT
17020.0,1,OFFER_DISCOUNT
17028.0,1,OFFER_DISCOUNT
17035.0,1,OFFER_DISCOUNT
17039.0,1,OFFER_DISCOUNT
17040.0,1,OFFER_DISCOUNT
17056.0,1,OFFER_DISCOUNT
17057.0,1,OFFER_DISCOUNT
17065.0,1,OFFER_DISCOUNT
17066.0,1,OFFER_DISCOUNT
17067.0,1,OFFER_DISCOUNT
17072.0,1,OFFER_DISCOUNT
17074.0,1,OFFER_DISCOUNT
17077.0,1,OFFER_DISCOUNT
17087.0,1,OFFER_DISCOUNT
17093.0,1,OFFER_DISCOUNT
17099.0,1,OFFER_DISCOUNT
17103.0,1,OFFER_DISCOUNT
17108.0,1,OFFER_DISCOUNT
17110.0,1,OFFER_DISCOUNT
17112.0,2,OFFER_DISCOUNT
17113.0,2,OFFER_DISCOUNT
17115.0,1,OFFER_DISCOUNT
17116.0,1,OFFER_DISCOUNT
17129.0,1,OFFER_DISCOUNT
17130.0,1,OFFER_DISCOUNT
17133.0,2,OFFER_DISCOUNT
17136.0,1,OFFER_DISCOUNT
17145.0,2,OFFER_DISCOUNT
17151.0,1,OFFER_DISCOUNT
17155.0,1,OFFER_DISCOUNT
17156.0,2,OFFER_DISCOUNT
17157.0,2,OFFER_DISCOUNT
17158.0,1,OFFER_DISCOUNT
17159.0,2,OFFER_DISCOUNT
17168.0,2,OFFER_DISCOUNT
17169.0,1,OFFER_DISCOUNT
17171.0,1,OFFER_DISCOUNT
17176.0,1,OFFER_DISCOUNT
17177.0,2,OFFER_DISCOUNT
17178.0,1,OFFER_DISCOUNT
17184.0,1,OFFER_DISCOUNT
17185.0,1,OFFER_DISCOUNT
17187.0,1,OFFER_DISCOUNT
17189.0,1,OFFER_DISCOUNT
17192.0,1,OFFER_DISCOUNT
17194.0,1,OFFER_DISCOUNT
17195.0,1,OFFER_DISCOUNT
17199.0,1,OFFER_DISCOUNT
17201.0,1,OFFER_DISCOUNT
17207.0,1,OFFER_DISCOUNT
17209.0,1,OFFER_DISCOUNT
17212.0,2,OFFER_DISCOUNT
17215.0,2,OFFER_DISCOUNT
17216.0,1,OFFER_DISCOUNT
17217.0,1,OFFER_DISCOUNT
17221.0,1,OFFER_DISCOUNT
17222.0,2,OFFER_DISCOUNT
17224.0,2,OFFER_DISCOUNT
17225.0,1,OFFER_DISCOUNT
17230.0,1,OFFER_DISCOUNT
17240.0,1,OFFER_DISCOUNT
17242.0,2,OFFER_DISCOUNT
17245.0,1,OFFER_DISCOUNT
17246.0,1,OFFER_DISCOUNT
17248.0,2,OFFER_DISCOUNT
17256.0,2,OFFER_DISCOUNT
17261.0,2,OFFER_DISCOUNT
17266.0,2,OFFER_DISCOUNT
17270.0,2,OFFER_DISCOUNT
17271.0,1,OFFER_DISCOUNT
17278.0,1,OFFER_DISCOUNT
17282.0,2,OFFER_DISCOUNT
17285.0,1,OFFER_DISCOUNT
17292.0,2,OFFER_DISCOUNT
17294.0,1,OFFER_DISCOUNT
17296.0,1,OFFER_DISCOUNT
17301.0,1,OFFER_DISCOUNT
17304.0,1,OFFER_DISCOUNT
17305.0,1,OFFER_DISCOUNT
17318.0,1,OFFER_DISCOUNT
17319.0,1,OFFER_DISCOUNT
17328.0,1,OFFER_DISCOUNT
17329.0,1,OFFER_DISCOUNT
17330.0,1,OFFER_DISCOUNT
17332.0,1,OFFER_DISCOUNT
17336.0,2,OFFER_DISCOUNT
17344.0,1,OFFER_DISCOUNT
17352.0,1,OFFER_DISCOUNT
17356.0,1,OFFER_DISCOUNT
17359.0,1,OFFER_DISCOUNT
17361.0,1,OFFER_DISCOUNT
17369.0,2,OFFER_DISCOUNT
17371.0,1,OFFER_DISCOUNT
17384.0,2,OFFER_DISCOUNT
17395.0,2,OFFER_DISCOUNT
17399.0,1,OFFER_DISCOUNT
17400.0,1,OFFER_DISCOUNT
17401.0,1,OFFER_DISCOUNT
17408.0,2,OFFER_DISCOUNT
17417.0,1,OFFER_DISCOUNT
17437.0,1,OFFER_DISCOUNT
17439.0,1,OFFER_DISCOUNT
17440.0,1,OFFER_DISCOUNT
17441.0,1,OFFER_DISCOUNT
17445.0,1,OFFER_DISCOUNT
17448.0,3,OFFER_DISCOUNT
17452.0,1,OFFER_DISCOUNT
17463.0,1,OFFER_DISCOUNT
17464.0,1,OFFER_DISCOUNT
17471.0,2,OFFER_DISCOUNT
17472.0,1,OFFER_DISCOUNT
17474.0,1,OFFER_DISCOUNT
17477.0,1,OFFER_DISCOUNT
17479.0,1,OFFER_DISCOUNT
17482.0,2,OFFER_DISCOUNT
17484.0,1,OFFER_DISCOUNT
17485.0,1,OFFER_DISCOUNT
17487.0,1,OFFER_DISCOUNT
17488.0,1,OFFER_DISCOUNT
17492.0,2,OFFER_DISCOUNT
17494.0,2,OFFER_DISCOUNT
17496.0,1,OFFER_DISCOUNT
17499.0,1,OFFER_DISCOUNT
17505.0,1,OFFER_DISCOUNT
17514.0,1,OFFER_DISCOUNT
17529.0,1,OFFER_DISCOUNT
17531.0,1,OFFER_DISCOUNT
17539.0,1,OFFER_DISCOUNT
17541.0,2,OFFER_DISCOUNT
17542.0,1,OFFER_DISCOUNT
17543.0,1,OFFER_DISCOUNT
17546.0,1,OFFER_DISCOUNT
17553.0,2,OFFER_DISCOUNT
17557.0,1,OFFER_DISCOUNT
17559.0,1,OFFER_DISCOUNT
17563.0,1,OFFER_DISCOUNT
17565.0,1,OFFER_DISCOUNT
17568.0,1,OFFER_DISCOUNT
17571.0,1,OFFER_DISCOUNT
17575.0,1,OFFER_DISCOUNT
17577.0,1,OFFER_DISCOUNT
17578.0,2,OFFER_DISCOUNT
17579.0,1,OFFER_DISCOUNT
17583.0,1,OFFER_DISCOUNT
17584.0,2,OFFER_DISCOUNT
17586.0,1,OFFER_DISCOUNT
17587.0,1,OFFER_DISCOUNT
17592.0,1,OFFER_DISCOUNT
17599.0,2,OFFER_DISCOUNT
17602.0,0,OFFER_DISCOUNT
17603.0,1,OFFER_DISCOUNT
17605.0,1,OFFER_DISCOUNT
17606.0,1,OFFER_DISCOUNT
17610.0,1,OFFER_DISCOUNT
17617.0,1,OFFER_DISCOUNT
17622.0,1,OFFER_DISCOUNT
17626.0,1,OFFER_DISCOUNT
17627.0,2,OFFER_DISCOUNT
17632.0,1,OFFER_DISCOUNT
17638.0,1,OFFER_DISCOUNT
17641.0,1,OFFER_DISCOUNT
17645.0,1,OFFER_DISCOUNT
17647.0,1,OFFER_DISCOUNT
17649.0,2,OFFER_DISCOUNT
17651.0,2,OFFER_DISCOUNT
17660.0,1,OFFER_DISCOUNT
17661.0,1,OFFER_DISCOUNT
17662.0,1,OFFER_DISCOUNT
17664.0,2,OFFER_DISCOUNT
17665.0,2,OFFER_DISCOUNT
17666.0,2,OFFER_DISCOUNT
17669.0,2,OFFER_DISCOUNT
17678.0,1,OFFER_DISCOUNT
17679.0,1,OFFER_DISCOUNT
17681.0,1,OFFER_DISCOUNT
17694.0,2,OFFER_DISCOUNT
17699.0,2,OFFER_DISCOUNT
17705.0,2,OFFER_DISCOUNT
17709.0,2,OFFER_DISCOUNT
17715.0,1,OFFER_DISCOUNT
17718.0,1,OFFER_DISCOUNT
17721.0,1,OFFER_DISCOUNT
17729.0,1,OFFER_DISCOUNT
17731.0,1,OFFER_DISCOUNT
17734.0,1,OFFER_DISCOUNT
17745.0,2,OFFER_DISCOUNT
17746.0,2,OFFER_DISCOUNT
17748.0,1,OFFER_DISCOUNT
17749.0,1,OFFER_DISCOUNT
17753.0,2,OFFER_DISCOUNT
17762.0,2,OFFER_DISCOUNT
17763.0,1,OFFER_DISCOUNT
17773.0,1,OFFER_DISCOUNT
17778.0,1,OFFER_DISCOUNT
17780.0,1,OFFER_DISCOUNT
17783.0,1,OFFER_DISCOUNT
17784.0,1,OFFER_DISCOUNT
17789.0,1,OFFER_DISCOUNT
17792.0,2,OFFER_DISCOUNT
17794.0,1,OFFER_DISCOUNT
17798.0,1,OFFER_DISCOUNT
17805.0,1,OFFER_DISCOUNT
17808.0,1,OFFER_DISCOUNT
17810.0,1,OFFER_DISCOUNT
17818.0,1,OFFER_DISCOUNT
17825.0,1,OFFER_DISCOUNT
17827.0,1,OFFER_DISCOUNT
17833.0,1,OFFER_DISCOUNT
17842.0,1,OFFER_DISCOUNT
17845.0,1,OFFER_DISCOUNT
17847.0,1,OFFER_DISCOUNT
17849.0,2,OFFER_DISCOUNT
17854.0,2,OFFER_DISCOUNT
17866.0,2,OFFER_DISCOUNT
17875.0,1,OFFER_DISCOUNT
17880.0,1,OFFER_DISCOUNT
17883.0,1,OFFER_DISCOUNT
17901.0,1,OFFER_DISCOUNT
17902.0,1,OFFER_DISCOUNT
17907.0,1,OFFER_DISCOUNT
17909.0,1,OFFER_DISCOUNT
17910.0,1,OFFER_DISCOUNT
17915.0,1,OFFER_DISCOUNT
17916.0,1,OFFER_DISCOUNT
17918.0,2,OFFER_DISCOUNT
17922.0,1,OFFER_DISCOUNT
17923.0,1,OFFER_DISCOUNT
17927.0,1,OFFER_DISCOUNT
17928.0,1,OFFER_DISCOUNT
17933.0,1,OFFER_DISCOUNT
17941.0,1,OFFER_DISCOUNT
17943.0,1,OFFER_DISCOUNT
17945.0,1,OFFER_DISCOUNT
17953.0,1,OFFER_DISCOUNT
17955.0,1,OFFER_DISCOUNT
17958.0,1,OFFER_DISCOUNT
17959.0,1,OFFER_DISCOUNT
17960.0,1,OFFER_DISCOUNT
17962.0,1,OFFER_DISCOUNT
17963.0,2,OFFER_DISCOUNT
17966.0,1,OFFER_DISCOUNT
17969.0,2,OFFER_DISCOUNT
17971.0,1,OFFER_DISCOUNT
17982.0,1,OFFER_DISCOUNT
17988.0,2,OFFER_DISCOUNT
17991.0,1,OFFER_DISCOUNT
17993.0,1,OFFER_DISCOUNT
18000.0,1,OFFER_DISCOUNT
18012.0,1,OFFER_DISCOUNT
18020.0,1,OFFER_DISCOUNT
18021.0,2,OFFER_DISCOUNT
18023.0,1,OFFER_DISCOUNT
18026.0,2,OFFER_DISCOUNT
18028.0,1,OFFER_DISCOUNT
18029.0,1,OFFER_DISCOUNT
18038.0,1,OFFER_DISCOUNT
18042.0,1,OFFER_DISCOUNT
18046.0,1,OFFER_DISCOUNT
18048.0,2,OFFER_DISCOUNT
18051.0,1,OFFER_DISCOUNT
18052.0,1,OFFER_DISCOUNT
18053.0,2,OFFER_DISCOUNT
18056.0,1,OFFER_DISCOUNT
18058.0,1,OFFER_DISCOUNT
18070.0,1,OFFER_DISCOUNT
18079.0,2,OFFER_DISCOUNT
18091.0,1,OFFER_DISCOUNT
18100.0,1,OFFER_DISCOUNT
18103.0,1,OFFER_DISCOUNT
18106.0,2,OFFER_DISCOUNT
18108.0,1,OFFER_DISCOUNT
18111.0,1,OFFER_DISCOUNT
18115.0,1,OFFER_DISCOUNT
18123.0,1,OFFER_DISCOUNT
18124.0,2,OFFER_DISCOUNT
18128.0,1,OFFER_DISCOUNT
18131.0,1,OFFER_DISCOUNT
18132.0,2,OFFER_DISCOUNT
18134.0,1,OFFER_DISCOUNT
18137.0,1,OFFER_DISCOUNT
18140.0,2,OFFER_DISCOUNT
18148.0,1,OFFER_DISCOUNT
18152.0,1,OFFER_DISCOUNT
18153.0,1,OFFER_DISCOUNT
18157.0,1,OFFER_DISCOUNT
18162.0,1,OFFER_DISCOUNT
18163.0,1,OFFER_DISCOUNT
18166.0,1,OFFER_DISCOUNT
18171.0,2,OFFER_DISCOUNT
18173.0,1,OFFER_DISCOUNT
18174.0,1,OFFER_DISCOUNT
18175.0,1,OFFER_DISCOUNT
18177.0,1,OFFER_DISCOUNT
18179.0,1,OFFER_DISCOUNT
18182.0,2,OFFER_DISCOUNT
18186.0,1,OFFER_DISCOUNT
18187.0,1,OFFER_DISCOUNT
18189.0,1,OFFER_DISCOUNT
18190.0,1,OFFER_DISCOUNT
18191.0,2,OFFER_DISCOUNT
18196.0,2,OFFER_DISCOUNT
18197.0,1,OFFER_DISCOUNT
18199.0,1,OFFER_DISCOUNT
18201.0,1,OFFER_DISCOUNT
18206.0,1,OFFER_DISCOUNT
18207.0,2,OFFER_DISCOUNT
18208.0,1,OFFER_DISCOUNT
18212.0,1,OFFER_DISCOUNT
18214.0,1,OFFER_DISCOUNT
18217.0,1,OFFER_DISCOUNT
18218.0,1,OFFER_DISCOUNT
18227.0,2,OFFER_DISCOUNT
18234.0,1,OFFER_DISCOUNT
18238.0,1,OFFER_DISCOUNT
18246.0,1,OFFER_DISCOUNT
18252.0,1,OFFER_DISCOUNT
18253.0,1,OFFER_DISCOUNT
18254.0,1,OFFER_DISCOUNT
18255.0,2,OFFER_DISCOUNT
18258.0,2,OFFER_DISCOUNT
18264.0,2,OFFER_DISCOUNT
18267.0,1,OFFER_DISCOUNT
18268.0,1,OFFER_DISCOUNT
18271.0,1,OFFER_DISCOUNT
18273.0,1,OFFER_DISCOUNT
18275.0,1,OFFER_DISCOUNT
18279.0,1,OFFER_DISCOUNT
18281.0,1,OFFER_DISCOUNT
18285.0,1,OFFER_DISCOUNT
18286.0,2,OFFER_DISCOUNT
